name,type,url,location_or_channel,price_of_comparable_item,what_it_sells,positioning_line,rating,review_count,source_date
AutoLead,direct,https://trustmrr.com/startup/autolead,online / Instagram outbound,"$27 / $57 / $95 per month (7-day trial)","Automated, personalised cold Instagram outreach messages","""automates highly personalized outreach messages on Instagram""",n/a,n/a,2026-02-22 listing (TrustMRR); self-reported MRR $107k Jun 2026
WaveDM,direct,https://www.capterra.com/p/10046173/WaveDM/,"online / desktop app (Win, Mac, Linux)","$39 (1 account) / $59 (2) / $119 (5) / $199 (10) per month; up to $699 for 50","Cold DM automation, follow-ups, auto-replies, templates, ""account safety system""","""streamline cold direct messaging campaigns"" (Capterra description)",n/a,0,2026 Capterra listing
IGdm Pro,direct,https://www.capterra.com/p/10045605/IGdm-Pro/,online / Instagram DM tool,"$8.99 / $19.99 / $29.99 per month; AI personalisation only on $29.99","Instagram DM management and bulk DMs, up to 3 accounts on Standard",n/a (vendor tagline not retrieved),n/a,0,2026 Capterra listing
DM Champ,direct,https://dmchamp.com/best/best-instagram-dm-automation-tools-2026/,online / AI sales agent,"$27 Starter; Instagram from $97 Growth; $297 Pro; $497 Agency (credit-metered AI)","AI sales agent for DMs, inbound and outbound","Ranks itself #1 in its own 2026 roundup",n/a,n/a,May 2026 (vendor's own page)
FollowToDM,direct,https://alternativeto.net/software/www-followtodm-com/about/,online / Chrome extension on a logged-in session,"$49 to $499 per month","Auto welcome DM to new followers after a delay; multi-account",n/a,n/a,n/a,2026 AlternativeTo listing
Inrō,indirect,https://inro.social/pricing,online / Instagram automation (comment-to-DM, story, inbound; outbound campaigns to contacts),"Free (100 contacts); Pro €19.90/mo (14-day trial); €1,249/yr annual","Instagram DM automation with AI add-on; campaigns to contacts who already engaged",n/a (pricing page not reachable from here),n/a,n/a,2026 (via search snippet of official pricing page)
ManyChat,indirect,https://www.eesel.ai/blog/manychat-pricing,online / official Meta API (inbound),"Free to 1,000 contacts; Pro ~$15–$29/mo scaling with contacts","Comment-to-DM, keyword DMs and chat flows for people who already engaged",n/a,n/a,n/a,2026-09-28 (eesel.ai guide)
PhantomBuster,indirect,https://phantombuster.com/blog/ai-automation/phantombuster-pricing-explained,online / cloud scraping + outreach (Instagram and LinkedIn),"$69 Start / $159 Grow / $439 Scale per month (14-day trial)","Scrapers and automations billed by execution time and credits",n/a,n/a,n/a,July 2026 (vendor blog)
IGLeads,indirect,https://www.getapp.com/all-software/a/igleads/,online / Instagram lead and email scraper,"$49/mo (2,500 credits); $99/mo (7,500); pay-as-you-go $0.01–$0.02 per lead","Instagram lead lists with emails",n/a,n/a,n/a,2026 GetApp listing
Human DM appointment setter (part-time),substitute,https://creatorflow.so/blog/instagram-dm-setter-vs-ai-setter/,service,"$2,000–$4,000/mo retainer; or $20–$50 per booked call; or 3–5% commission","A person who prospects and works the inbox","n/a",n/a,n/a,2026 (vendor blog that sells an AI setter)
Offshore Instagram setter (base + commission),substitute,https://www.onlinejobs.ph/jobseekers/job/1657097,service (Philippines-based),"$250/mo base + $75 per closed deal","Remote Instagram appointment setting",n/a,n/a,n/a,2026 job posting
Doing it by hand,substitute,n/a,the Operator's own time,"4–5 minutes per lead (PRODUCT.md)","Manual prospecting and writing",n/a,n/a,n/a,repo
